Title,Description,Url,Emails,Phones,Facebook,Instagram,Twitter,LinkedIn,Meta Tags
Acquerelli: vasto assortimento di marche e colori • La Tecnica Brescia,"Vasto assortimento di acquerelli delle migliori marche, fra le quali Ecoline, Schmincke e Winsor & Newton e tutti gli accessori per i vostri progetti creativi.",https://www.latecnicabrescia.it/bellearti/dipingere/acquarello/,info@latecnicabrescia.it,,https://www.facebook.com/pages,"https://www.instagram.com/la_tecnicabs/
https://www.instagram.com/p/
instagram.com/v/",,,"<meta name=""google-site-verification"" content=""KU9WfUCq9KN6RrBuuMbBGANgRj1c4xqQkyZyyLAXO0Q"">
<meta name=""generator"" content=""Powered by Slider Revolution 5.4.8 - responsive, Mobile-Friendly Slider Plugin for WordPress with comfortable drag and drop interface."">
<meta name=""msapplication-TileImage"" content=""https://www.latecnicabrescia.it/wp-content/uploads/2019/03/cropped-pitto193-1-270x270.png"">"
"""Sergio Perini. Acquerelli 2001 - 2020"", sabato all'Aab - QuiBrescia","Oct 14, 2020 — Si inaugura sabato 17 ottobre 2020 alle ore 18 all'AAB in vicolo delle stelle, 4 Brescia la mostra “Sergio Perini. Acquerelli 2001 – 2020”.",https://www.quibrescia.it/artisti-bresciani/2020/10/14/sergio-perini-acquerelli-2001-2020-sabato-allaab/568753/,"ufficiocentrale@quibrescia.it
post@pec.net",,https://www.facebook.com/quibrescia.it,https://www.instagram.com/quibrescia.it/,"https://twitter.com/quibresciait
https://twitter.com/intent",,
SERGIO PERINI - ACQUERELLI 2001-2020 | Turismo Brescia,6 days ago — La passione che Sergio Perini riversa in ogni aspetto della sua vita personale e professionale - scrive Giovanna Galli nella introduzione del ...,http://www.turismobrescia.it/it/eventi/sergio-perini-acquerelli-2001-2020,info@aab.bs.it,,"www.facebook.com/plugins
http://www.facebook.com/TurismoBrescia",http://instagram.com/turismobrescia,"http://twitter.com/share?url=http
http://twitter.com/TurismoBrescia
twitter.com/widgets",,
Acquerelli 2001 - 2020 | Provincia di Brescia,"Oct 12, 2020 — Inaugurazione sabato 17 ottobre 2020 alle ore 18 all'aperto all'AAB in vicolo delle stelle, 4 Brescia la mostra ""Sergio Perini. Acquerelli 2001 ...",https://www.provincia.brescia.it/cittadino/turismo-e-cultura/evento/acquerelli-2001-2020,urp@provincia.brescia.it,,,,,,
Inaugurazione Mostra Fotografica e di Acquerelli “Ali” - LIPU - Sezione di Brescia,"Jun 10, 2019 — Inaugurazione Mostra Fotografica e di Acquerelli “Ali” ... Nel discorso di apertura sono state presentate le attività della LIPU sezione di Brescia:",http://www.lipubrescia.org/2019/06/10/inaugurazione-mostra-fotografica-e-di-acquerelli-ali/,brescia@lipu.it,,,,,,
"Silvia Nava, pittrice acquerellista","Santa Maddalena Funes (BZ) - Centro visite del Parco Puez - Odle 6 - 20 Agosto Inaugurazione 5 Agosto ore 21,30. Presentazione libro ""sulle punte"" ore 20,30 ...",http://www.silvianava.it/mostre.aspx,silvianava13@gmail.com,,https://www.facebook.com/pages,,,,
Acquerelli - Rosalia Casalini - Pittrice a Brescia,"Realizza acquerelli di altissima qualità pittorica, con un tocco unico che la distingue nel suo genere. I pigmenti e la carta utilizzata sono di qualità altissima.",https://rosaliacasalini.com/acquerelli/,dicasalini@alice.it,,,,,,
AAB » Mostre,"Si inaugura sabato 17 ottobre 2020 alle ore 18 all'AAB in vicolo delle stelle, 4 Brescia la mostra “Sergio Perini. Acquerelli 2001 – 2020″. La passione che ...",http://www.aab.bs.it/category/mostre/,"info@aab.bs.it
aab.bs@aialpec.it",,https://www.facebook.com/associazioneartistibresciani,,,,
AABAssociazione Artisti Bresciani,"Inaugurazione della Mostra “Sergio Perini – Acquerelli 2001/2020″ ... AAB - Vicolo delle stelle, 4 - 25122 Brescia (BS) - Tel +39 030 45222 - Fax 030 2898077 ...",http://www.aab.bs.it/,"info@aab.bs.it
aab.bs@aialpec.it",,https://www.facebook.com/associazioneartistibresciani,,,,
Vendita colori ad olio Brescia,"Acquerelli, Colori ad olio Brescia e Acrilici per la pittura. Pennelli per colori ad olio Brescia , Spatole e Tele Matite, Carboncini, Pastelli per il disegno. Blocchi e ...",http://www.colori-olio.it/it/vendita-colori-ad-olio/brescia,,,,,,,
Studio Maggiore Architettura | Studio di architettura a Brescia Progettazione Ristrutturazioni Interni,"Studio di architettura a Brescia, progettazione architettonica, ristrutturazioni, progettazione ville, interior design, progettazione giardini e paesaggi.",https://www.studiomaggiorearchitettura.com/it,info@studiomaggiorearchitettura.it,,https://www.facebook.com/pages,,http://twitter.com/xxxxxx,https://www.linkedin.com/groups?gid=xxxxxxx,
"Architetti e Studi di Architettura a Brescia, Lombardia","716 architetti a Brescia, Lombardia e studi architettura a cui affidare un progetto. Sfoglia i profili, leggi recensioni e contatta un architetto gratuitamente.",https://www.houzz.it/professionals/architetti/c/Brescia--Lombardia,clientsupport@houzz.com,,https://www.facebook.com/HouzzItalia,,http://twitter.com/HouzzItalia,,
Home - Flavio Angeli architetto | Brescia,Lo studio è una struttura dedicata alla progettazione architettonica integrata. Viene offerto al cliente un servizio completo di tutte le fasi dell'iter ...,http://www.architettoangeli.it/,"email@email.it
info@architettoangeli.it",,,,,,
Architetti a Brescia: Trova Architetti | homify,"Quanto costano i servizi di un architetto a Brescia? Come in tutte le professioni, anche per gli architetti vale la regola dell'esperienza: un architetto esperto, con ...",https://www.homify.it/esperti/architetti-a-brescia,,,https://www.facebook.com/homify,https://instagram.com/homify/,,https://www.linkedin.com/company/homify-online-gmbh,
I migliori 40 architetti a Brescia (con preventivi gratuiti),Qui trovi l'elenco completo dei migliori architetti di Brescia secondo gli utenti di ProntoPro. Vuoi scoprire chi sono?,https://www.prontopro.it/bs/brescia/architetti-e-studi-di-architettura,"logo_regular@2x.png
blue_P_logo@2x.png
specify_details@2x.png
compare_mobile@2x.png
choose_pro@2x.png
star_full@2x.png
star_half@2x.png
star_empty@2x.png
la_repubblica@2x.png
la_stampa@2x.png
business_insider@2x.png
tg_5@2x.png
rai@2x.png
home_insurance_claim@2x.png
logo_white_red@2x.png
facebook_light@2x.png
twitter_light@2x.png
linkedin_light@2x.png
instagram_light@2x.png",,https://www.facebook.com/ProntoProItalia,https://instagram.com/prontopro.it,https://twitter.com/ProntoPro_it,https://www.linkedin.com/company/prontopro,
"Architettura d'interni Brescia, architetto Brescia Barbi e Ranzetti","Architettura Brescia, studio di progettazione e architettura degli architetti Barbi e Ranzetti, designer interni a Brescia dallo stile unico ed elegante.",http://www.marcoranzettiarchitetto.it/,,,,,,,
Architetto Emanuele Vergine - Brescia,"Sito web dell'architetto Emanuele Vergine - Via Malta 7/C - Torre Kennedy Brescia, Italy. Pubblicazioni, Progetti, Equipe e Contatti.",https://www.emanuelevergine.it/,,,,,,isotope/dist/isotope.pkgd.min.js?ver=5.7,
Studio architetti nella provincia di Brescia | PagineBianche,"fermi arch. ettore newco s.a.s. di saemi srl e c. 64, Viale Del Piave - 25123 Brescia ( ...",https://www.paginebianche.it/lombardia/bs/studio-architetti.html,,,https://www.facebook.com/paginebianche,,https://twitter.com/PagineBianche,,
Architetti a Brescia - Pagine Gialle,Architetti - studi. Buffoli Architettura Ingegneria è uno studio associato di architetti ed ingegneri che opera sul territorio di Brescia e provincia con sede in via ...,https://www.paginegialle.it/lombardia/brescia/architetti.html,info@italiaonline.it,,https://www.facebook.com/paginegialle,,https://twitter.com/PagineGialle,,
MCARC - progettazione integrata per costuire e ristrutturare,"Lo studio di architetti di Brescia MCARC realizza i seguenti servizi di architettura e di consulenza di involucro e impianti, destinati a committenti, professionisti e ...",http://www.mcarc.it/,info@mcarc.it,,"https://www.facebook.com/tr
https://www.facebook.com/mcarc.architettura",https://www.instagram.com/mcarc_architettura/,,,
