tag,
Accordatore,
Accovonatore,
Acquacoltore,
Acquerellista,
Acrobata,
Addestratore di animali,
Agente di viaggio,
Agente immobiliare,
Agganciatore,
Agricoltore,
Aliantista,
Alimentarista,
Allenatore di nuoto,
Allenatore sportivo,
Allergologo,
Allevatore,
Allevatore,
Alpinista,
Amministratore di condominio,
Ammostatore,
Analista di sistemi,
Analista finanziario,
Analista,
Anatomista,
Anatomopatologo,
Anchorman,
Anestesista,
Angiologo,
Animatore turistico,
Antennista,
Apicoltore,
App developer,
Aratore,
Arboricoltore,
Archeobotanico,
Archeologo,
Architetto di interni,
Architetto esterni,
Architetto,
Archivista,
Arditore,
Argentatore,
Argentiere,
Armatore,
Armiere,
Armonicista,
Aromatario,
Arpista,
Arrampicata su roccia ,
Arrotino,
Art director,
Arti marziali,
Artificiere,
Artigiano,
Artigiano,
Artigliere,
Ascensorista,
Assaggiatore,
Assicuratore,
Assicuratore,
Assiriologo,
Assistente balneario,
Assistente di terra,
Assistente di volo,
Assuntore,
Astrofisico,
Astronomo,
Astronomo,
Atleta olimpico,
Atletica leggera,
Attivista politico,
Attore teatrale,
Attore,
Attrezzista,
Auditor,
Autista di mezzi pubblici urbani,
Autista personale,
Autoferrotranviere,
Automobilista,
Autonoleggiatore,
Autotrasportatore,
Aviatore,
Avicoltore,
Avvocato,
Bachicoltore,
Badminton ,
Bagagliere,
Bagnino,
Baleniere,
Ballerino,
Bananicoltore,
Bancarellista,
Bandieraio,
Barbiere,
Barcaiolo,
Barista,
Bartender,
Baseball,
Basolatore,
Bassista,
Bastaio,
Battelliere,
Batterista,
Battirame,
Beachvolley,
Becchino,
Benzinaio ,
Benzinaio,
Betoniere,
Bibliotecario,
Bibliotecario,
Bigattiere,
Bigiotteria,
Bigliettaio,
Biochimico,
Biografo,
Biologo,
Birraio,
Biscottiere,
Bitumatore,
Bizantinista,
Blogger,
Bmx ,
Boattiere,
Bobinatore,
Boccalaio,
Bonificatore,
Bordatore,
Borsaio,
Boscaiolo,
Botanico,
Bottegaio,
Bottigliaio,
Bottinaio,
Bottonaio,
Boxer,
Bozzolaio,
Bracciante,
Brand manager,
Brecciaiolo,
Brillatore,
Broker finanziario,
Bromatologo,
Bronzatore,
Brunitore,
Bulinista,
Bungeejumping,
Burattinaio,
Burraio,
Bustaio,
Cabarettista,
Cablografista,
Caffettiere,
Calcografo,
Caldaista,
Caldarrostaio,
Calendarista,
Calibratore,
Caliere,
Caligaro,
Calligrafo,
Callista,
Calzettaio,
Calzolaio,
Cambusiere,
Cameraman,
Cameriere,
Cameriere,
Camiciaio,
Camionista,
Cammeista,
Campanaro,
Campeggiatore,
Camperista,
Cancerologo,
Candeggiatore,
Candelaio,
Canestraio,
Canoying,
Cantante,
Cantautore,
Cantore,
Capocantiere,
Capocuoco,
Capomacchinista,
Caposala,
Capotreno,
Cappellaio,
Capraro,
Caramellista,
Carboniere,
Carburatorista,
Carceriere,
Cardatore,
Cardiologo,
Caricaturista,
Carotaio,
Carpentiere,
Carropontista,
Carrozziere,
Carrozziere,
Cartellonista,
Cartografo,
Cartonista,
Cartotecnico,
Casaro,
Cascinaio,
Cassettaio,
Cassiere,
Castagnaio,
Castanicoltore,
Catechista,
Cavallerizzo,
Cavatore,
Cementista,
Centralinista,
Ceraiolo,
Ceramista,
Cerealicoltore,
Chauffeur,
Chef,
Chimico ,
Chirurgo plastico,
Chitarrista,
Ciabattino,
Ciambellaio,
Ciclista,
Cifrista,
Cinematografista,
Cinematografo,
Cinofilo,
Cioccolataio,
Cioccolatiere,
Cipollaio,
Citarista,
Citologo,
Civilista,
Clarinista,
Clavicembalista,
Climatologo,
Clown ,
Cocchiere,
Cocomeraio,
Cofanista,
Coiffeuse,
Colatore,
Collezionista d'arte,
Colombicoltore,
Coltellinaio,
Coltivatore,
Comandante navale,
Comico,
Commercialista,
Commercialista,
Commerciante,
Commesso,
Compositore,
Concertatore,
Conciatore,
Conduttore,
Confettiere,
Confetturiere,
Confezionista,
Coniatore,
Coniglicoltore,
Conserviere,
Consulente del lavoro,
Consulente di direzione,
Consulente finanziario,
Consulente,
Contabile,
Contadino,
Contattologo,
Contorsionista,
Contrabbassista,
Contralto,
Controllore traffico aereo,
Cool hunter,
Copilota,
Copista,
Copywriter,
Corallaio ,
Coralliere,
Coreografo,
Cornac,
Cornettista,
Corniciaio,
Cornista,
Cosmetista,
Cosmologo,
Costumista,
Cotonicoltore,
Cotoniere,
Cowboy,
Craniologo,
Cravattaio,
Crestaia,
Criminologo,
Criptografo,
Critico,
Crivellista,
Cromista,
Cronachista,
Cronista,
Cronometrista,
Croupier,
Cubettista,
Cucitore,
Cuoco,
Curatolo,
Curatore d'arte,
Curvatore,
Dattilografo,
Decoratore,
Degustatore,
Deltaplano ,
Demi chef,
Demografo,
Dentista,
Dermatologo,
Derrista,
Designer,
Detective,
Dietista ,
Dietologo,
Direttore albergo,
Disc-jockey,
Discesa in corda doppia ,
Discografico,
Discotecario,
Disegnatore di moda,
Disegnatore di videogiochi,
Disegnatore,
Disinfestatore,
Divorzista,
Dizionarista,
Documentalista,
Documentarista,
Dog sitter,
Dolciere,
Domestico,
Doppiatore cinematografico,
Doratore,
Drappiere,
E-commerce manager,
Ebanista,
Ebraista,
Ecologo,
Economista,
Economo,
Editore di giornale,
Educatore,
Elettricista,
Elettricista,
Elettrologo,
Elicista,
Eliografista,
Ematologo,
Embriologo,
Enofilo,
Enologo,
Entomologo,
Epidemiologo,
Epigrafista,
Epistemologo,
Equilibrista,
Erbivendolo,
Erborista,
Estetista,
Estrattore,
Etimologista,
Etimologo,
Etnologo,
Etologo,
Etruscologo,
Event planner,
Fabbro,
Fagottista,
Falconiere,
Falegname,
Fanalista,
Fantasista,
Fantino,
Farmacista,
Farmacologo,
Fattorino,
Feltraio,
Ferraio,
Ferratore,
Ferroviere,
Fiaccheraio,
Fiammiferaio,
Fiascaio,
Figulinaio,
Figurinista,
Figurista,
Filandiere,
Filatore,
Filtratore,
Fioraio,
Fioricoltore,
Fiorista,
Fiscalista,
Fisico nucleare,
Fisico,
Fisiologo,
Fisioterapista,
Flautista,
Florista,
Follatore,
Folloniere,
Fonditore,
Fontaniere,
Foratore,
Forbiciaio,
Forgiatore,
Formaggiaio,
Fornaio,
Fossore,
Fotografo,
Fotogrammetrista,
Fotoincisore,
Fotolitografo,
Fototecnico,
Fototipista,
Frantumatore,
Freccette,
Frenologo,
Fresatore,
Friggitore,
Frigorista,
Frutticoltore,
Fruttivendolo,
Fucinatore,
Fumettista,
Fumista,
Funaio,
Funanbolo,
Funghicoltore,
Furgonista,
Gamer,
Gelatiere,
Geografo,
Geologo,
Geometra,
Geriatra,
Gestore di fondi di investimento,
Giardiniere,
Giornalista,
Giudice,
Giuntatore,
Golfista,
Gommaio,
Gommista,
Gondoliere,
Grafico,
Grafologo,
Gramolista,
Granitore,
Granulatore,
Grillman,
Gruista,
Guantaio,
Guarda coste,
Guardaboschi,
Guardacaccia,
Guardadighe,
Guardafili,
Guardaittica,
Guardalinee,
Guardamacchine,
Guardarobiere,
Guardasala,
Guardia del corpo,
Guardia forestale,
Guardiano,
Guida alpina,
Guida turistica,
Hebertismo ,
Hockey,
Idraulico,
Idrofonista,
Idrologo,
Igienista dentale,
Illusionista,
Illustratore,
Imbianchino,
Imbottatore,
Imbottigliatore,
Imbozzimatore,
Imbragatore,
Immunologo,
Impaginatore,
Impagliatore,
Impastatore,
Importatore,
Impressore,
Improvvisazione ,
Incassatore,
Incisore,
Increspatore,
Indossatrice,
Infermiere,
Informatico,
Informatore scientifico del farmaco,
Ingegnere aerospaziale,
Ingegnere biomedico,
Ingegnere chimico,
Ingegnere dei materiali,
Ingegnere dei trasporti,
Ingegnere del rischio geologico,
Ingegnere edile,
Ingegnere elettronico,
Ingegnere gestionale,
Ingegnere minerario,
Ingegnere navale,
Ingegnere petrolifero,
Ingegnere tessile,
Ingegnere,
Ingrassatore,
Insaccatore,
Insegnante di sostegno,
Insegnante scuola primaria,
Insegnante scuola secondaria,
Insettologo,
Instagrammer,
Installatore impianti energia rinnovabile,
Intagliatore,
Intarsiatore,
Intonacatore,
Investigatore,
Ippologo,
Ispettore della qualita,
Istruttore fitness,
Istruttore per disabili,
Ittiologo,
Karaoke ,
Karate,
Kayaking,
Kitesurf,
Lampista,
Lanaiolo,
Lancio del coltello,
Lancio dell'ascia,
Laniere,
Lanternaio,
Lapicida,
Lat-artist,
Lattaio,
Lattoniere,
Legale,
Legatore,
Legnaiolo,
Libraio,
Lievitaio ,
Life coach,
Linaiolo,
Linguista,
Linotipista,
Lirista,
Lisciatore,
Litografo,
Locandiere,
Logopedista,
Lottatore di sumo ,
Lunarista,
Lupinaio,
Macchinista del treno,
Macellaio,
Maestro d'infanzia,
Magazziniere,
Magistrato,
Magliaia,
Magliaro,
Maglierista,
Mago,
Maiolicaio,
Malgaro,
Manager della p.a.,
Manager dello sport,
Mandolinista,
Mandriano,
Mangimista,
Manicure,
Manifatturiero,
Maniscalco,
Manovale,
Manovale,
Manutentore meccanico,
Marangone,
Marcapezzi,
Marcatore,
Marconista,
Mariachi,
Marmista,
Marmista,
Marmorario,
Marrone,
Martellista,
Mascalcia,
Mascheraio,
Massaggiatrice,
Massaro,
Massoterapista,
Mastro birraio,
Mastro del te,
Matassatore,
Matematico,
Materassaio,
Matrimonialista,
Mattatore,
Mattonaio,
Mediatore interculturale,
Medico dello sport,
Medicochirurgico,
Meditatore,
Melonaio,
Mercante,
Merciaio,
Metallurgico,
Metalmeccanico,
Meteorologista,
Meteorologo,
Metrologo,
Metronotte,
Mezzadro,
Micologo,
Microbiologo,
Microfonista,
Mietitore,
Migniattaio,
Mimo,
Mineralista,
Miniaturista,
Ministra,
Miscelatore,
Miscoscopista,
Mobiliere,
Modeanatore,
Modellista,
Modellista,
Modello,
Modista,
Molinaio,
Molitore,
Mondariso,
Mondina,
Monotipista,
Montatore,
Mosaicista,
Moto cross,
Motoaratore,
Motocarrista,
Motociclista ,
Motorista,
Mountain bike ,
Mugnaio,
Mulattiere,
Mulettista,
Muratore,
Musicista,
Musicografo,
Nail-artist ,
Naturalista,
Naturopata,
Navalmeccanico,
Navichiere,
Navigatore,
Negoziante,
Netturbino,
Neurologo,
Neuropatologo,
Nocchiere,
Nocciolaio,
Norcino,
Nostrmo,
Notaio,
Nutrizionista,
Odontoiatra,
Odontotecnico,
Olivicoltore,
Omeopata,
Onomasiologo,
Operaio specializzato meccanico,
Operatore socio-sanitario,
Optometrista,
Orafo,
Orditore,
Orefice,
Ornitologo,
Orologiaio,
Orticoltore,
Ortofrutticoltore,
Ortolano,
Ortopedico,
Osteopata,
Ostetrica,
Ostricaio,
Ostricoltore,
Otoiatra,
Otorinolaringoiatra,
Ottico optometrista,
Ottico,
Ottonaio,
Ovaiolo,
Paddleboard,
Paesaggista,
Palafreniere,
Palazzinaro,
Paleografo,
Paleontologo,
Pallamano ,
Pallavolista,
Palombaro,
Panetaio,
Panetterie,
Pantofolaio,
Pantografista,
Parapendio ,
Parassitologo,
Parkour,
Parrucchiere,
Pastaio ,
Pasticcere,
Pattinatore su ghiaccio,
Pattinatore,
Pecoraio,
Pediatra,
Pedicure,
Pellaio,
Pelletiere,
Percussionista,
Perito agrario,
Perito elettrotecnico,
Personal assistant star,
Personal shopper,
Pescatore,
Pescicoltore,
Pescivendolo,
Pet therapy,
Petroliere,
Pianista,
Pietrista,
Pifferaio,
Pilota d'aereo,
Pilota d'auto,
Pilota d'elicottore,
Pilota di go kart,
Pirotecnico,
Piscoterapista,
Pistrellista,
Pittore,
Pizzaiolo,
Pizzicarolo,
Podiatra,
Podologo,
Poeta,
Poliziotto,
Pollaiolo,
Pollicoltore,
Pomicoltore,
Ponteggiatore,
Portiere,
Portinaio ,
Portolano,
Posteggiatore,
Postino,
Pranoterapista,
Preparatore sportivo,
Preside,
Prestigiatore,
Private banker,
Professore universitario,
Profumiere,
Profumista,
Programmista,
Project manager,
Promotore finanziario,
Propagandista,
Psicologo,
Racquetball ,
Radioastronomo,
Radiocronista,
Radioriparatore,
Radiotelegrafista,
Raffinatore,
Rafting,
Ramaio,
Rammagliatrice,
Receptionist,
Regista,
Reporter,
Responsabile aziendale it,
Responsabile commerciale marketing,
Responsabile degli acquisti,
Responsabile della logistica,
Responsabile della produzione,
Responsabile delle risorse umane,
Responsabile prevenzione protezione,
Responsabile ricerca e sviluppo,
Responsabile sviluppo business,
Restauratore,
Revisore,
Ribechista,
Ricamatore,
Ricercatore sociale ed economico,
Ricercatore,
Ricottaio,
Rigattiere,
Risaiolo,
Ristoratore,
Rocker,
Rugbista,
Runner,
Saldatore,
Salsiere,
Sarta,
Sassofonista,
Satinatore,
Scafista,
Scalatore,
Scarpaio,
Scavatore,
Scenarista,
Sceneggiatore,
Schedarista,
Schedatore,
Scherma,
Sci d'acqua ,
Sciatore,
Scienziato,
Scortecciatore,
Scrivano,
Scultore,
Segnalinee,
Segretario comunale,
Sellaio,
Semaforista,
Seo specialist,
Sericoltore,
Setaiolo,
Siderugico,
Sigaraio,
Silvicoltore,
Sindaco,
Siparista,
Sismologo,
Skater,
Skipper,
Slitta,
Smaltatore,
Smerigliatore,
Snowboardista,
Social media manager,
Soffiatore e modellatore del vetro,
Sommelier,
Sonatore,
Sonorista,
Sorbettiere,
Sound editor,
Spaccalegna,
Spaccapietre,
Spadaio,
Spazzacamino,
Spazzino,
Specchiaio,
Specialista in pubbliche relazioni e media,
Speleologo,
Sputafuoco,
Squash ,
Stalliere ,
Stampatore,
Stand up,
Standista,
Statistico,
Stenodattilografo,
Stenografo,
Stereotipista,
Sterilizzatore,
Sterratore,
Steward,
Stoppatore,
Storico,
Stracciaiolo,
Stradino,
Streamer ,
Street dancer,
Street food,
Stuccatura,
Subacqueo,
Suinicoltore,
Surf ,
Sviluppatore di software,
Tabaccaio,
Tabacchicoltore,
Tagliaboschi,
Taglialegna,
Tai chi ,
Tai quon do ,
Tango,
Tapparellista,
Tappezziere,
Tartuficoltore,
Tassista,
Tatuatore,
Taverniere,
Taxi-pet,
Tecnico del suono,
Tecnico delle luci,
Tecnico di progettazione 3d,
Tecnico ortopedico,
Tecnico radiologo,
Telecronista,
Teleferica,
Teleferista,
Telefonista,
Telegrafista,
Telemetrista,
Telescriventista,
Tenore,
Terraziere,
Tessitore,
Tiktoker,
Timoniere,
Tintore,
Tipografo,
Tiro con l'arco ,
Tisiologo,
Toelettatore animali,
Topografo,
Torcitore,
Torcoliere,
Tornitore,
Tossicologo,
Traduttore,
Tranviere,
Trapezista,
Trattorista,
Trebbiatore,
Trecciatore,
Trekking ,
Treviere,
Triathlon,
Tributarista,
Trivellatore,
Truccatore,
Tubista,
Urbanista,
Usciere,
Vaccaro,
Vaccinaro ,
Vagonista,
Valigiaio,
Valigiaio,
Vasaio,
Vela,
Venditore a domicilio,
Verniciatore,
Veterinario,
Vetraio,
Vigile del fuoco,
Vigile urbano,
Vinattiere,
Vinificatore,
Violinaio,
Violinista,
Violista,
Violoncellista,
Visagista,
Visual merchandiser,
Viticoltore,
Wakeboard ,
Web designer,
Wedding planner,
Windsurf ,
Wrestler,
Yacht ,
Youtuber,
Zoologo,